schedule_index,hal_character,opponent_character,twitch_agent,status
1,FOX,FALCO,gm-v2-falco,planned
2,FOX,MARTH,gm-v2-marth,planned
3,FOX,FOX,gm-v2-fox,planned
4,MARTH,FALCO,gm-v2-falco,planned
5,FALCO,FALCO,gm-v2-falco,planned
6,FOX,CPTFALCON,gm-v2-cptfalcon,planned
7,CPTFALCON,FALCO,gm-v2-falco,planned
8,FALCO,FOX,gm-v2-fox,planned
9,SHEIK,FALCO,gm-v2-falco,planned
10,FOX,JIGGLYPUFF,gm-v2-jigglypuff,planned
11,FOX,PEACH,gm-v2-peach,planned
12,JIGGLYPUFF,FALCO,gm-v2-falco,planned
13,PEACH,FALCO,gm-v2-falco,planned
14,FOX,FALCO,gm-v2-falco,planned
15,SHEIK,MARTH,gm-v2-marth,planned
16,MARTH,FOX,gm-v2-fox,planned
17,CPTFALCON,MARTH,gm-v2-marth,planned
18,FOX,FOX,gm-v2-fox,planned
19,FALCO,MARTH,gm-v2-marth,planned
20,FOX,SAMUS,gm-v2-samus,planned
21,FALCO,FALCO,gm-v2-falco,planned
22,FALCO,FOX,gm-v2-fox,planned
23,PEACH,MARTH,gm-v2-marth,planned
24,SHEIK,FOX,gm-v2-fox,planned
25,SAMUS,FALCO,gm-v2-falco,planned
26,FOX,POPO,gm-v2-popo,planned
27,JIGGLYPUFF,MARTH,gm-v2-marth,planned
28,MARTH,MARTH,gm-v2-marth,planned
29,CPTFALCON,FOX,gm-v2-fox,planned
30,FOX,MARTH,gm-v2-marth,planned
31,FALCO,CPTFALCON,gm-v2-cptfalcon,planned
32,FOX,FALCO,gm-v2-falco,planned
33,JIGGLYPUFF,FOX,gm-v2-fox,planned
34,FOX,FOX,gm-v2-fox,planned
35,CPTFALCON,PEACH,gm-v2-peach,planned
36,POPO,FALCO,gm-v2-falco,planned
37,FOX,GANONDORF,,unsupported
38,MARTH,FALCO,gm-v2-falco,planned
39,FOX,YOSHI,gm-v2-yoshi,planned
40,PEACH,FOX,gm-v2-fox,planned
41,SHEIK,PEACH,gm-v2-peach,planned
42,CPTFALCON,JIGGLYPUFF,gm-v2-jigglypuff,planned
43,SHEIK,JIGGLYPUFF,gm-v2-jigglypuff,planned
44,FALCO,FOX,gm-v2-fox,planned
45,FALCO,FALCO,gm-v2-falco,planned
46,FOX,LUIGI,gm-v2-luigi,planned
47,MARTH,FOX,gm-v2-fox,planned
48,FALCO,GANONDORF,,unsupported
49,FOX,FALCO,gm-v2-falco,planned
50,FALCO,JIGGLYPUFF,gm-v2-jigglypuff,planned
51,FALCO,PEACH,gm-v2-peach,planned
52,FOX,FOX,gm-v2-fox,planned
53,FOX,DOC,,unsupported
54,FALCO,MARTH,gm-v2-marth,planned
55,FOX,CPTFALCON,gm-v2-cptfalcon,planned
56,YOSHI,FALCO,gm-v2-falco,planned
57,CPTFALCON,FALCO,gm-v2-falco,planned
58,FALCO,FOX,gm-v2-fox,planned
59,SHEIK,FALCO,gm-v2-falco,planned
60,SAMUS,MARTH,gm-v2-marth,planned
61,FALCO,FALCO,gm-v2-falco,planned
62,FOX,JIGGLYPUFF,gm-v2-jigglypuff,planned
63,FOX,MARTH,gm-v2-marth,planned
64,LUIGI,FALCO,gm-v2-falco,planned
65,PEACH,JIGGLYPUFF,gm-v2-jigglypuff,planned
66,MARTH,CPTFALCON,gm-v2-cptfalcon,planned
67,SHEIK,FOX,gm-v2-fox,planned
68,FOX,PIKACHU,gm-v2-pikachu,planned
69,FOX,PEACH,gm-v2-peach,planned
70,FOX,FALCO,gm-v2-falco,planned
71,FOX,FOX,gm-v2-fox,planned
72,MARTH,FALCO,gm-v2-falco,planned
73,SHEIK,SAMUS,gm-v2-samus,planned
74,CPTFALCON,SAMUS,gm-v2-samus,planned
75,POPO,MARTH,gm-v2-marth,planned
76,FALCO,FOX,gm-v2-fox,planned
77,FOX,NESS,,unsupported
78,MARTH,FOX,gm-v2-fox,planned
79,SAMUS,FOX,gm-v2-fox,planned
80,CPTFALCON,CPTFALCON,gm-v2-cptfalcon,planned
81,CPTFALCON,FOX,gm-v2-fox,planned
82,FALCO,FALCO,gm-v2-falco,planned
83,DOC,FALCO,gm-v2-falco,planned
84,FALCO,CPTFALCON,gm-v2-cptfalcon,planned
85,PIKACHU,FALCO,gm-v2-falco,planned
86,FOX,FALCO,gm-v2-falco,planned
87,FOX,FOX,gm-v2-fox,planned
88,MARTH,PEACH,gm-v2-peach,planned
89,FALCO,MARTH,gm-v2-marth,planned
90,JIGGLYPUFF,FALCO,gm-v2-falco,planned
91,JIGGLYPUFF,FOX,gm-v2-fox,planned
92,PEACH,FALCO,gm-v2-falco,planned
93,FALCO,SAMUS,gm-v2-samus,planned
94,POPO,FOX,gm-v2-fox,planned
95,FOX,MARTH,gm-v2-marth,planned
96,MARTH,GANONDORF,,unsupported
