section,id,experiment,file,run_id,wandb_url,lineage_parent,variant,val_metric_name,val_metric,val_action_metric,net_stock_lcb,net_damage_lcb,closed_loop_source,boots,matches,crashes,total_params,policy_params,model_context,effective_batch,update_steps,samples,train_pf_6nt,replan_p50_ms,replan_p95_ms,control,hyperparam_or_flops_mismatch
representations,R1,018,experiments/018_bpe_rle.py,xgj1dwot,https://wandb.ai/ericyuegu/hal/runs/xgj1dwot,016,BPE/RLE action tokens,val/loss,1.4059048891067505,button_change_f1=0.44334871082245586,-3.5838245645672253,-169.77282782315314,W&B standard field; old protocol,,52,crash_fraction=0.5772357723577236,7747151,7747151,d256-L8-h4-context256-variable_span16,512,16384,8388608,99.821,,,M1.3,representation+params+PF+execution cadence
representations,R2,001,experiments/001_flow_matching_baseline.py,xummemli,https://wandb.ai/ericyuegu/hal/runs/xummemli,,continuous flow 16-frame chunk,val/loss,0.05208539742751409,button_f1=0.4892703862660944;button_acc=0.9602231019295302,,,W&B old eval; no CI,,,0,4993844,4993844,d256-L6-h8-context256-plus16queries,512,131072,67108864,546.934,,,no matched control,architecture+loss+action format+horizon+updates+PF
representations,R3.1,028,experiments/028_onehot_controller.py,1zzstd2d,https://wandb.ai/ericyuegu/hal/runs/1zzstd2d,026,256-button one-hot input,val/primary_nll,1.1443702183749924,change_f1=0.23391813039779663;exact=0.6089205741882324;dense4=0.5067114233970642,-0.22972080997234207,6.112870729278355,local eval_replays/metrics.json,96,99,0,15218143,15218143,d384-L8-h6-context128-temporal128x2-exec4,1024,16384,16777216,196.084,8.828627527691424,10.69707196438685,M2.2,one-hot+2x data+1.1% params+102.2% PF
representations,R3.2,028,experiments/028_onehot_controller.py,4wyxy1g2,https://wandb.ai/ericyuegu/hal/runs/4wyxy1g2,028-full,52-button pruned one-hot input,val/primary_nll,1.1427968221785332,change_f1=0.23744645714759827;exact=0.6072427034378052;dense4=0.505033552646637,-0.1978652021604248,-1.9239110863318096,local eval_replays/metrics.json,96,100,0,14982931,14982931,d384-L8-h6-context128-temporal128x2-exec4,1024,16384,16777216,193.054,9.213201934471726,10.486138053238392,R3.1,btn_min_count 0 to 100; params/PF -1.55%
representations,R4,029,experiments/029_game_state_flow.py,qxcjjwl8,https://wandb.ai/ericyuegu/hal/runs/qxcjjwl8,026,training-only future-state expert,val/action_primary_nll,1.1475809410062912,change_f1=0.22275258600711825;exact=0.6019295454025269;dense4=0.5008389353752136,-0.025142588413554903,16.442588937791378,W&B and R2 final match,96,101,0,16307099,15053039,026_actor_plus_state_expert-context128-exec4,1024,16384,16777216,210.115,17.55992050129862,19.866226150588773,M2.2,2x data+8.3% total params+116.7% PF+backend+auxiliary loss
representations,R5,021,experiments/021_v6_features.py,pu8jpmbf,https://wandb.ai/ericyuegu/hal/runs/pu8jpmbf,016,v6 lean state features,val/loss,1.0497923338343105,recon_f1=0.9005235602094241;recon_acc=0.992030201342282;change_f1=0.449505,-1.081300380647911,-5.1885565414365935,W&B standard field; old protocol,,136,0,6814648,6814648,d256-L8-h4-context256-offsets1-5-9-13,512,16384,8388608,87.806,,,M1.3,state schema/features+0.43% params/PF
independent_mtp,M1.1a,012,experiments/012_multi_token.py,uw05bvm2,https://wandb.ai/ericyuegu/hal/runs/uw05bvm2,011,windows_per_replay=4,val/loss,1.0413520272692416,legacy_recon_aggregation_invalid,-1.073385760950096,16.57822493277091,W&B standard field; old protocol,,,0,6785714,6785714,d256-L8-h4-context256-offsets1-5-9-13,1024,16384,16777216,174.867,,,M1.1b,only replay-window setting; params/batch/steps/samples/PF match
independent_mtp,M1.1b,012,experiments/012_multi_token.py,shjnxxsu,https://wandb.ai/ericyuegu/hal/runs/shjnxxsu,011,pre-window-packing,val/loss,1.0402972576715,legacy_recon_aggregation_invalid,-0.3451082378004213,10.35018703413566,W&B standard field; old protocol,,,0,6785714,6785714,d256-L8-h4-context256-offsets1-5-9-13,1024,16384,16777216,174.867,,,M1.1a,only replay-window setting; params/batch/steps/samples/PF match
independent_mtp,M1.2a,013,experiments/013_multi_token.py,1z6oyio7,https://wandb.ai/ericyuegu/hal/runs/1z6oyio7,012,offsets1-2-3-4,val/loss,0.9967836692027244,recon_f1=0.9032258064516128;recon_acc=0.9924496644295302;change_f1=0.492075,-0.7765950630567999,1.3739459831932184,W&B standard field; old protocol,,120,0,6785714,6785714,d256-L8-h4-context256,256,32768,8388608,87.433,,,M1.2b,offsets and aux_loss_weight both change
independent_mtp,M1.2b,013,experiments/013_multi_token.py,m5e1kj7w,https://wandb.ai/ericyuegu/hal/runs/m5e1kj7w,012,offsets1-5-9-13,val/loss,1.0482478436382368,recon_f1=0.8958051420838972;recon_acc=0.9919253355704698;change_f1=0.450476,-0.7308341894026511,5.385297381366728,W&B standard field; old protocol,,120,0,6785714,6785714,d256-L8-h4-context256,256,32768,8388608,87.433,,,M1.2a|M1.3,vs dense offsets+aux weight; vs016 batch half/updates double at same samples/PF
independent_mtp,M1.3,016,experiments/016_spatial_features.py,fxhtoxu8,https://wandb.ai/ericyuegu/hal/runs/fxhtoxu8,013,base independent MTP,val/loss,1.0518108082161617,recon_f1=0.9;recon_acc=0.992239932885906;change_f1=0.444389,-0.7821778221950475,7.832371196346196,W&B standard field; old protocol,,114,crash_fraction=0.008695652173913044,6785714,6785714,d256-L8-h4-context256-offsets1-5-9-13,512,16384,8388608,87.433,,,control,no row-internal mismatch
independent_mtp,M1.4a,023,experiments/023_mtp_heads.py,46zi7fgo,https://wandb.ai/ericyuegu/hal/runs/46zi7fgo,023-E0,context1024-local128,val/loss,1.0106384368642722,change_f1=0.4847478796433467;button_acc=0.9418022092695536,-0.8650252493923563,-4.113234792689072,W&B/R2 marginals; repository LCB formula,96,116,0,6818482,6818482,d256-L8-h4-context1024-local128,128,16384,2097152,87.855,2.1022720336914062,2.8477439880371094,M1.4b,context4x+samples/4+local attention; same approximate PF
independent_mtp,M1.4b,023,experiments/023_mtp_heads.py,obx3o3az,https://wandb.ai/ericyuegu/hal/runs/obx3o3az,013,linear heads,val/loss,1.0285074553874114,change_f1=0.4660576679127306;button_acc=0.94208042774093,-0.8400051617310019,3.777581360598436,W&B standard field,96,118,0,6818482,6818482,d256-L8-h4-context256-full-attention,512,16384,8388608,87.855,,,M1.4a|M1.4c,P1 context/batch/attention; E1 head capacity+12.6% params/PF
independent_mtp,M1.4c,023,experiments/023_mtp_heads.py,q3aojgfm,https://wandb.ai/ericyuegu/hal/runs/q3aojgfm,023-E0,state-MLP heads,val/loss,1.0264375908052463,change_f1=0.4707839797918271;button_acc=0.941910612746029,-0.7584612070457066,4.684528553962663,W&B standard field,96,126,0,7678526,7678526,d256-L8-h4-context256-full-attention,512,16384,8388608,98.937,,,M1.4b,head type/capacity+12.6% params/PF
temporal_mtp,M2.1,024,experiments/024_temporal_mtp.py,4hoe86s7,https://wandb.ai/ericyuegu/hal/runs/4hoe86s7,023,dense20 temporal decoder,val/loss,1.1853868381782948,deploy_frame_acc=0.3896812080536913;group_acc=0.7658452181208054,-0.5524696971421442,12.192584698492526,W&B standard field,96,106,0,6668993,6668993,trunk256x8-context256-temporal64x1-exec4,512,16384,8388608,85.929,,,M2.2,width+context+decoder+codec+group order+offsets; 026 params+125.7% PF+12.9%
temporal_mtp,M2.2,026,experiments/026_temporal_mtp.py,cqbbbg77,https://wandb.ai/ericyuegu/hal/runs/cqbbbg77,024,sparse-offset temporal MTP,val/primary_nll,1.1596365381097586,change_f1=0.21763302385807037;exact=0.5971755981445312;dense4=0.49244967103004456,0.03188794857717889,29.84907449545336,W&B and R2 final match; latency from local self_play_benchmark_12x14400_single_match_run02,96,101,0,15053039,15053039,trunk384x8-context128-temporal128x2-exec4,512,16384,8388608,96.978,13.511813012883067,14.280086476355791,control,latency from separate local benchmark
within_frame,M3.1a,011,experiments/011_muon.py,6g1fud8e,https://wandb.ai/ericyuegu/hal/runs/6g1fud8e,009,16k frame GPT,val/loss,1.005072459052383,recon_f1=0.9081885856079404;recon_acc=0.992239932885906,-0.9504049315449744,42.05289244205509,W&B standard field; 4 matches,,4,0,6512009,6512009,d256-L8-h4-context256-independent-slices,512,16384,8388608,83.907,,,M3.1b|M3.1c,half updates/samples/PF vs32k
within_frame,M3.1b,009,experiments/009_simplify_arch.py,o3nihah5,https://wandb.ai/ericyuegu/hal/runs/o3nihah5,,AdamW frame GPT,val/loss,1.012882363210714,recon_f1=0.900990099009901;recon_acc=0.9916107382550337,-0.8830633747445558,-1.9627780941243849,W&B standard field; old protocol,,,0,6512009,6512009,d256-L8-h4-context256-independent-slices,512,32768,16777216,167.813,,,M3.1c,optimizer/LR only; params/batch/steps/samples/PF match
within_frame,M3.1c,011,experiments/011_muon.py,vlim96s9,https://wandb.ai/ericyuegu/hal/runs/vlim96s9,009,Muon+AdamW frame GPT,val/loss,0.9836503000609116,recon_f1=0.9070631970260224;recon_acc=0.992135067114094,-0.8527885370418581,-32.06976381963152,W&B standard field; old protocol,,,0,6512009,6512009,d256-L8-h4-context256-independent-slices,512,32768,16777216,167.813,,,M3.1b,optimizer/LR only; params/batch/steps/samples/PF match
within_frame,M3.2a,010,experiments/010_ar_groups.py,pz0iti6x,https://wandb.ai/ericyuegu/hal/runs/pz0iti6x,009,buttons-main-C-triggers AR,val/action_nll_bits_per_frame,1.0625374521418005,recon_f1=0.8874172185430463;recon_acc=0.9910864093959731,,,W&B old eval; no CI,,,0,6527625,6527625,d256-L8-h8-context256-groupdim32,128,32768,4194304,42.054,,,M3.1b,batch/samples4x lower+PF74.9% lower+heads+LR+AR head
within_frame,M3.2b,019,experiments/019_factored_frame.py,5b9x7mhq,https://wandb.ai/ericyuegu/hal/runs/5b9x7mhq,016,C-triggers-main-buttons chain,val/loss,1.0364927434604383,recon_f1=0.900804289544236;recon_acc=0.992239932885906;change_f1=0.490754,-0.56357560910212,16.399622968852977,W&B standard field; old protocol,,117,crash_fraction=0.01680672268907563,6887090,6887090,d256-L8-h4-context256-group-chain,512,16384,8388608,88.739,,,M1.3,group head+1.49% params/PF; other training sizes match
within_frame,M3.3a,013h,df4e4d2:experiments/013_interleaved_groups.py,7tlk11io,https://wandb.ai/ericyuegu/hal/runs/7tlk11io,009/011,short interleaved state/action trunk,val/loss,1.2618846925400178,recon_f1=0.8998763906056859;recon_acc=0.9915058724832216,-0.244152888905259,20.272828450749834,local 026-protocol evaluation.json,96,102,0,6600585,6600585,d256-L8-h4-51frames-255tokens,512,14336,7340032,74.126,,,M2.2,tokenization+width+context+params+step+PF+decode work; val is full-run not evaluated checkpoint
within_frame,M3.3b,013h,df4e4d2:experiments/013_interleaved_groups.py,lxo3id9l,https://wandb.ai/ericyuegu/hal/runs/lxo3id9l,009/011,full-context interleaved trunk,val/loss,1.098148265820779,recon_f1=0.9002493765586035;recon_acc=0.9916107382550337,0.05450940287313491,30.89686549362344,W&B standard field; old protocol,,84,crash_fraction=0.06666666666666667,6600585,6600585,d256-L8-h4-256frames-1280tokens,512,16384,8388608,425.239,,,M3.3a,context/PF5.02x+different eval protocol
parallel_trajectory,M4.1,033,experiments/033_parallel_latent_trajectory.py,mz8dk2gh,https://wandb.ai/ericyuegu/hal/runs/mz8dk2gh,026,K1 parallel latent trajectory,val/primary_nll,1.905349790210598,change_f1=0.361098051071167;exact=0.521672248840332;dense4=0.2936241626739502,-1.7437581928420631,-62.4006561117433,W&B and R2 shared-K final match,96,146,0,14884127,14884127,026-trunk-noncausal-parallel-decoder,1024,16384,16777216,191.781,5.9946354999738105,7.187336499964658,M2.2|M4.2,decoder/objective+2x samples-1.12% params+97.8% PF
parallel_trajectory,M4.2,033,experiments/033_parallel_latent_trajectory.py,feic18gt,https://wandb.ai/ericyuegu/hal/runs/feic18gt,033-K1,K8 parallel latent trajectory,val/primary_nll,1.3107631603980403,change_f1=0.31501832604408264;exact=0.4602908194065094;dense4=0.24328859150409696,-0.7916693010771774,-15.175360752246874,W&B only; no R2 metrics.json,96,111,0,14885023,14885023,026-trunk-noncausal-parallel-decoder-K8,1024,10240,10563584,120.760,10.004712999972298,11.12984884999548,M4.1,K1toK8+microbatch/accum+37.5% fewer steps+37.0% lower PF+0.74% sample-counter excess
iql,Q1,027,experiments/027_temporal_mtp.py,06fi5jms,https://wandb.ai/ericyuegu/hal/runs/06fi5jms,026,attached IQL heads,val/primary_nll,1.3121971567920967,change_f1=0.1401384025812149;exact=0.5693512558937073;dense4=0.4807046949863434;q_corr=0.04293213297679228,-2.0216175302507517,-66.31532482138374,W&B and R2 isolated-final match,96,162,0,15268921,15053039,026-policy-plus-attached-QV,1024,16384,16777216,196.739,13.590433999979725,15.887106999753083,M2.2,2x data+1.43% total params+102.9% PF+IQL heads/losses
iql,Q2,030,experiments/030_iql.py,ud4p5klw,https://wandb.ai/ericyuegu/hal/runs/ud4p5klw,027,separate scalar Q,val/actor_nll,0.2120743310891542,q_return_corr=0.4273602239300081,-1.7075003654834284,-59.07036971129998,W&B and R2 final match,96,146,0,25454886,15052783,policy384x8-critics256x4-context128,512,16384,8388608,163.992,14.477218001047731,15.583816800790371,M2.2|Q3,critics+Adam+offsets1to4+chunk4+69.1% params/PF lower bound
iql,Q3,030,experiments/030_iql.py,kxzc3m9a,https://wandb.ai/ericyuegu/hal/runs/kxzc3m9a,030-scalar,separate HL-Gauss Q,val/actor_nll,0.21174187458201543,q_return_corr=0.45080640959475543,-1.6051432827799053,-63.377021303476624,W&B and R2 final match,96,146,0,25480586,15052783,policy384x8-critics256x4-context128,512,16384,8388608,164.157,12.988913000299362,14.283252999666727,Q2,q_objective only+0.10% params/PF
awr,A1,020,experiments/020_awr.py,rnbyn7n8,https://wandb.ai/ericyuegu/hal/runs/rnbyn7n8,016,sparse-stock MC-AWR,val/loss,1.067071688740473,recon_f1=0.9056603773584904;recon_acc=0.9926593959731544;change_f1=0.433745,-0.6673749298014648,-0.4434577852886967,W&B standard field; old protocol,,113,crash_fraction=0.008771929824561403,6785971,6785714,016-actor-plus-value-head,512,16384,8388608,87.437,,,M1.3,MC-AWR+257-param value head; training sizes/PF match
awr,A2,020,experiments/020_awr.py,3sgvx6xv,https://wandb.ai/ericyuegu/hal/runs/3sgvx6xv,020-AWR,damage+win MC-AWR,val/loss,1.0890398066571083,recon_f1=0.8885906040268455;recon_acc=0.9912961409395972;change_f1=0.419686,-0.630006467666832,22.37032543149282,W&B standard field; old protocol,,126,0,6785971,6785714,same-as-A1,512,16384,8388608,87.437,,,A1,beta+gamma+cap+damage+win rewards all change
awr,A3,036,experiments/036_advantage_weighted_bc.py,hwzv0k9a,https://wandb.ai/ericyuegu/hal/runs/hwzv0k9a,026,d256 026-style actor plus MC-AWR,val/primary_nll,1.1774824248599178,change_f1=0.22195415198802948;exact=0.5999720096588135;dense4=0.5033556818962097,-0.14219760561536018,27.621018366234708,W&B successful eval; all R2 worker metrics failed,128,137,0,7147504,7081711,trunk256x8-context128-temporal128x2-exec4,512,16384,8388608,46.047,13.363403000028027,14.35107899997092,M2.2,width/heads/params/PF all -52.5% plus MC-AWR/value; W&B step stale but checkpoint is16384
rank_weighted_bc,A4,034,experiments/034_rank_weighted_bc.py,c5cxoyk8,https://wandb.ai/ericyuegu/hal/runs/c5cxoyk8,026,rank weights1-2-4,val/primary_nll,1.167731312991051,change_f1=0.2118305116891861;exact=0.6008109450340271;dense4=0.5008389353752136,-0.09413931792767524,29.769881554462636,R2 standalone final96,96,98,0,15053039,15053039,exact-026-policy,512,16384,8388608,96.978,10.353224999946065,11.521776250000926,M2.2,rank sidecar/loss weights only; params/batch/steps/samples/PF match
factorization_matrix,D0-train,037,experiments/037_factorization_matrix.py,98r9smrj,https://wandb.ai/ericyuegu/hal/runs/98r9smrj,026/036-actor,future independent; no learned group conditioning,val/primary_nll,1.893409412294233,change_f1=0.300930380821228;exact=0.640240490436554;dense4=0.47063758969306946,,,W&B config/history plus audited R2 final.pt,,,,7147504,7081711,d256-L8-h4-context128-temporal128x2,512,16384,8388608,46.047,,,matrix baseline,no training mismatch within D0-D3
factorization_matrix,D1-train,037,experiments/037_factorization_matrix.py,a117chkw,https://wandb.ai/ericyuegu/hal/runs/a117chkw,037-D0,future independent; learned group AR,val/primary_nll,1.858838367163276,change_f1=0.32446134090423584;exact=0.6389821171760559;dense4=0.4739933013916016,,,W&B config/history plus audited R2 final.pt,,,,7147504,7081711,d256-L8-h4-context128-temporal128x2,512,16384,8388608,46.047,,,D0,only learned group conditioning changes
factorization_matrix,D2-train,037,experiments/037_factorization_matrix.py,50q39o9j,https://wandb.ai/ericyuegu/hal/runs/50q39o9j,037-D0,future selected-AR; no learned group conditioning,val/primary_nll,1.181880705906221,change_f1=0.2068410366773605;exact=0.5992729067802429;dense4=0.5008389353752136,,,W&B config/history plus audited R2 final.pt,,,,7147504,7081711,d256-L8-h4-context128-temporal128x2,512,16384,8388608,46.047,,,D0,only future conditioning changes; first production D2
factorization_matrix,D3-train,037,experiments/037_factorization_matrix.py,5wfk2esf,https://wandb.ai/ericyuegu/hal/runs/5wfk2esf,026/036-actor,future selected-AR; learned group AR; uniform BC,val/primary_nll,1.182139075818879,change_f1=0.21256038546562195;exact=0.5988534688949585;dense4=0.4991610646247864,,,W&B config/history plus audited R2 final.pt,,,,7147504,7081711,d256-L8-h4-context128-temporal128x2,512,16384,8388608,46.047,,,D0|D1|D2; later 036 MC-AWR control,both factorization flags on; actor weighting uniform
factorization_matrix_eval,D0-H1-built-in,037,experiments/037_factorization_matrix.py,98r9smrj,https://wandb.ai/ericyuegu/hal/runs/98r9smrj,D0-train,H1 built-in p32 runtime failure,val/primary_nll,1.893409412294233,,,,R2 replays/final_h1/metrics.json; no gameplay,0_complete_of_96_scheduled,0,96,7147504,7081711,d256-L8-h4-context128-temporal128x2-exec1,512,16384,8388608,46.047,,,runtime failure; not architecture evidence,max_parallel32 > cpus16; zero decode calls
factorization_matrix_eval,D0-H2-built-in,037,experiments/037_factorization_matrix.py,98r9smrj,https://wandb.ai/ericyuegu/hal/runs/98r9smrj,D0-train,H2 built-in p32 runtime failure,val/primary_nll,1.893409412294233,,,,R2 replays/final_h2/metrics.json; no gameplay,0_complete_of_96_scheduled,0,96,7147504,7081711,d256-L8-h4-context128-temporal128x2-exec2,512,16384,8388608,46.047,,,runtime failure; not architecture evidence,max_parallel32 > cpus16; zero decode calls
factorization_matrix_eval,D0-H4-built-in,037,experiments/037_factorization_matrix.py,98r9smrj,https://wandb.ai/ericyuegu/hal/runs/98r9smrj,D0-train,H4 built-in p32 runtime failure,val/primary_nll,1.893409412294233,,,,R2 replays/final_h4/metrics.json; no gameplay,0_complete_of_96_scheduled,0,96,7147504,7081711,d256-L8-h4-context128-temporal128x2-exec4,512,16384,8388608,46.047,,,runtime failure; not architecture evidence,max_parallel32 > cpus16; zero decode calls
factorization_matrix_eval,D0-H6-built-in,037,experiments/037_factorization_matrix.py,98r9smrj,https://wandb.ai/ericyuegu/hal/runs/98r9smrj,D0-train,H6 built-in p32 runtime failure,val/primary_nll,1.893409412294233,,,,R2 replays/final_h6/metrics.json; no gameplay,0_complete_of_96_scheduled,0,96,7147504,7081711,d256-L8-h4-context128-temporal128x2-exec6,512,16384,8388608,46.047,,,runtime failure; not architecture evidence,max_parallel32 > cpus16; zero decode calls
factorization_matrix_eval,D0-H1-selected,037,experiments/037_factorization_matrix.py,98r9smrj,https://wandb.ai/ericyuegu/hal/runs/98r9smrj,D0-train,H1 selected p16 repair,val/primary_nll,1.893409412294233,change_f1=0.300930380821228;exact=0.640240490436554;dense1=0.7902684807777405,-0.045281614003144816,26.354655125776056,R2 replays/final_h1_p16-repair/metrics.json plus original W&B,96,101,0,7147504,7081711,d256-L8-h4-context128-temporal128x2-exec1,512,16384,8388608,46.047,5.131660499998247,5.308588550005311,D0 H1,eval-only p16 repair; unchanged final checkpoint
factorization_matrix_eval,D0-H2-selected,037,experiments/037_factorization_matrix.py,98r9smrj,https://wandb.ai/ericyuegu/hal/runs/98r9smrj,D0-train,H2 selected p16 repair,val/primary_nll,1.893409412294233,change_f1=0.300930380821228;exact=0.640240490436554;dense2=0.6484899520874023,-0.2923546783623998,12.024161579625062,R2 replays/final_h2_p16-repair/metrics.json plus original W&B,96,98,0,7147504,7081711,d256-L8-h4-context128-temporal128x2-exec2,512,16384,8388608,46.047,6.572240999986434,6.676372600009017,D0 H2,eval-only p16 repair; unchanged final checkpoint
factorization_matrix_eval,D0-H4-selected,037,experiments/037_factorization_matrix.py,98r9smrj,https://wandb.ai/ericyuegu/hal/runs/98r9smrj,D0-train,H4 selected p16 repair,val/primary_nll,1.893409412294233,change_f1=0.300930380821228;exact=0.640240490436554;dense4=0.47063758969306946,-0.8457398464428336,-5.884281110680044,R2 replays/final_h4_p16-repair/metrics.json plus original W&B,96,113,0,7147504,7081711,d256-L8-h4-context128-temporal128x2-exec4,512,16384,8388608,46.047,9.51497150001046,9.61092259999532,D0 H4 main result,eval-only p16 repair; unchanged final checkpoint
factorization_matrix_eval,D0-H6-selected,037,experiments/037_factorization_matrix.py,98r9smrj,https://wandb.ai/ericyuegu/hal/runs/98r9smrj,D0-train,H6 selected p16 repair,val/primary_nll,1.893409412294233,change_f1=0.300930380821228;exact=0.640240490436554;dense6=0.3557046949863434,-1.0581096932291638,-26.632023789821503,R2 replays/final_h6_p16-repair/metrics.json plus original W&B,96,121,0,7147504,7081711,d256-L8-h4-context128-temporal128x2-exec6,512,16384,8388608,46.047,12.344595499996558,13.63585704999366,D0 H6,eval-only p16 repair; unchanged final checkpoint
factorization_matrix_eval,D1-H1-built-in,037,experiments/037_factorization_matrix.py,a117chkw,https://wandb.ai/ericyuegu/hal/runs/a117chkw,D1-train,H1 built-in p32 runtime failure,val/primary_nll,1.858838367163276,,,,R2 replays/final_h1/metrics.json; no gameplay,0_complete_of_96_scheduled,0,96,7147504,7081711,d256-L8-h4-context128-temporal128x2-exec1,512,16384,8388608,46.047,,,runtime failure; not architecture evidence,max_parallel32 > cpus16; zero decode calls
factorization_matrix_eval,D1-H2-built-in,037,experiments/037_factorization_matrix.py,a117chkw,https://wandb.ai/ericyuegu/hal/runs/a117chkw,D1-train,H2 built-in p32 runtime failure,val/primary_nll,1.858838367163276,,,,R2 replays/final_h2/metrics.json; no gameplay,0_complete_of_96_scheduled,0,96,7147504,7081711,d256-L8-h4-context128-temporal128x2-exec2,512,16384,8388608,46.047,,,runtime failure; not architecture evidence,max_parallel32 > cpus16; zero decode calls
factorization_matrix_eval,D1-H4-built-in,037,experiments/037_factorization_matrix.py,a117chkw,https://wandb.ai/ericyuegu/hal/runs/a117chkw,D1-train,H4 built-in p32 runtime failure,val/primary_nll,1.858838367163276,,,,R2 replays/final_h4/metrics.json; no gameplay,0_complete_of_96_scheduled,0,96,7147504,7081711,d256-L8-h4-context128-temporal128x2-exec4,512,16384,8388608,46.047,,,runtime failure; not architecture evidence,max_parallel32 > cpus16; zero decode calls
factorization_matrix_eval,D1-H6-built-in,037,experiments/037_factorization_matrix.py,a117chkw,https://wandb.ai/ericyuegu/hal/runs/a117chkw,D1-train,H6 built-in p32 runtime failure,val/primary_nll,1.858838367163276,,,,R2 replays/final_h6/metrics.json; no gameplay,0_complete_of_96_scheduled,0,96,7147504,7081711,d256-L8-h4-context128-temporal128x2-exec6,512,16384,8388608,46.047,,,runtime failure; not architecture evidence,max_parallel32 > cpus16; zero decode calls
factorization_matrix_eval,D1-H1-selected,037,experiments/037_factorization_matrix.py,a117chkw,https://wandb.ai/ericyuegu/hal/runs/a117chkw,D1-train,H1 selected p16 repair,val/primary_nll,1.858838367163276,change_f1=0.32446134090423584;exact=0.6389821171760559;dense1=0.7969798445701599,-0.0013487873936854355,31.409709324374838,R2 replays/final_h1_p16-repair/metrics.json plus original W&B,96,101,0,7147504,7081711,d256-L8-h4-context128-temporal128x2-exec1,512,16384,8388608,46.047,5.344809999996869,5.421791100010864,D1 H1,eval-only p16 repair; unchanged final checkpoint
factorization_matrix_eval,D1-H2-selected,037,experiments/037_factorization_matrix.py,a117chkw,https://wandb.ai/ericyuegu/hal/runs/a117chkw,D1-train,H2 selected p16 repair,val/primary_nll,1.858838367163276,change_f1=0.32446134090423584;exact=0.6389821171760559;dense2=0.6526845693588257,-0.08128774639642591,27.380022468659686,R2 replays/final_h2_p16-repair/metrics.json plus original W&B,96,97,0,7147504,7081711,d256-L8-h4-context128-temporal128x2-exec2,512,16384,8388608,46.047,7.070106000014675,7.66300680003269,D1 H2,eval-only p16 repair; unchanged final checkpoint
factorization_matrix_eval,D1-H4-selected,037,experiments/037_factorization_matrix.py,a117chkw,https://wandb.ai/ericyuegu/hal/runs/a117chkw,D1-train,H4 selected p16 repair,val/primary_nll,1.858838367163276,change_f1=0.32446134090423584;exact=0.6389821171760559;dense4=0.4739933013916016,-0.43813583256598093,4.845548056242867,R2 replays/final_h4_p16-repair/metrics.json plus original W&B,96,101,0,7147504,7081711,d256-L8-h4-context128-temporal128x2-exec4,512,16384,8388608,46.047,10.03090599999723,10.752773000015736,D1 H4 main result,eval-only p16 repair; unchanged final checkpoint
factorization_matrix_eval,D1-H6-selected,037,experiments/037_factorization_matrix.py,a117chkw,https://wandb.ai/ericyuegu/hal/runs/a117chkw,D1-train,H6 selected p16 repair,val/primary_nll,1.858838367163276,change_f1=0.32446134090423584;exact=0.6389821171760559;dense6=0.3624161183834076,-0.6077692583684974,-10.115990529229126,R2 replays/final_h6_p16-repair/metrics.json plus original W&B,96,104,0,7147504,7081711,d256-L8-h4-context128-temporal128x2-exec6,512,16384,8388608,46.047,13.155922500004635,14.13364404999129,D1 H6,eval-only p16 repair; unchanged final checkpoint
factorization_matrix_eval,D2-H1-built-in,037,experiments/037_factorization_matrix.py,50q39o9j,https://wandb.ai/ericyuegu/hal/runs/50q39o9j,D2-train,H1 built-in p32 runtime failure,val/primary_nll,1.181880705906221,,,,R2 replays/final_h1/metrics.json; no gameplay,0_complete_of_96_scheduled,0,96,7147504,7081711,d256-L8-h4-context128-temporal128x2-exec1,512,16384,8388608,46.047,,,runtime failure; not architecture evidence,max_parallel32 > cpus16; zero decode calls
factorization_matrix_eval,D2-H2-built-in,037,experiments/037_factorization_matrix.py,50q39o9j,https://wandb.ai/ericyuegu/hal/runs/50q39o9j,D2-train,H2 built-in p32 runtime failure,val/primary_nll,1.181880705906221,,,,R2 replays/final_h2/metrics.json; no gameplay,0_complete_of_96_scheduled,0,96,7147504,7081711,d256-L8-h4-context128-temporal128x2-exec2,512,16384,8388608,46.047,,,runtime failure; not architecture evidence,max_parallel32 > cpus16; zero decode calls
factorization_matrix_eval,D2-H4-built-in,037,experiments/037_factorization_matrix.py,50q39o9j,https://wandb.ai/ericyuegu/hal/runs/50q39o9j,D2-train,H4 built-in p32 runtime failure,val/primary_nll,1.181880705906221,,,,R2 replays/final_h4/metrics.json; no gameplay,0_complete_of_96_scheduled,0,96,7147504,7081711,d256-L8-h4-context128-temporal128x2-exec4,512,16384,8388608,46.047,,,runtime failure; not architecture evidence,max_parallel32 > cpus16; zero decode calls
factorization_matrix_eval,D2-H6-built-in,037,experiments/037_factorization_matrix.py,50q39o9j,https://wandb.ai/ericyuegu/hal/runs/50q39o9j,D2-train,H6 built-in p32 runtime failure,val/primary_nll,1.181880705906221,,,,R2 replays/final_h6/metrics.json; no gameplay,0_complete_of_96_scheduled,0,96,7147504,7081711,d256-L8-h4-context128-temporal128x2-exec6,512,16384,8388608,46.047,,,runtime failure; not architecture evidence,max_parallel32 > cpus16; zero decode calls
factorization_matrix_eval,D2-H1-selected,037,experiments/037_factorization_matrix.py,50q39o9j,https://wandb.ai/ericyuegu/hal/runs/50q39o9j,D2-train,H1 selected p16 repair,val/primary_nll,1.181880705906221,change_f1=0.2068410366773605;exact=0.5992729067802429;dense1=0.7969798445701599,-0.3176358706657565,20.52296313112823,R2 replays/final_h1_p16-repair/metrics.json plus original W&B,96,102,0,7147504,7081711,d256-L8-h4-context128-temporal128x2-exec1,512,16384,8388608,46.047,5.212175000053776,5.456947199991191,D2 H1,eval-only p16 repair; unchanged final checkpoint
factorization_matrix_eval,D2-H2-selected,037,experiments/037_factorization_matrix.py,50q39o9j,https://wandb.ai/ericyuegu/hal/runs/50q39o9j,D2-train,H2 selected p16 repair,val/primary_nll,1.181880705906221,change_f1=0.2068410366773605;exact=0.5992729067802429;dense2=0.6610738039016724,-0.2066357749978516,18.69060237153826,R2 replays/final_h2_p16-repair/metrics.json plus original W&B,96,104,0,7147504,7081711,d256-L8-h4-context128-temporal128x2-exec2,512,16384,8388608,46.047,6.839378500046678,7.870048050079959,D2 H2,eval-only p16 repair; unchanged final checkpoint
factorization_matrix_eval,D2-H4-selected,037,experiments/037_factorization_matrix.py,50q39o9j,https://wandb.ai/ericyuegu/hal/runs/50q39o9j,D2-train,H4 selected p16 repair,val/primary_nll,1.181880705906221,change_f1=0.2068410366773605;exact=0.5992729067802429;dense4=0.5008389353752136,-0.3305674178196044,10.387405013226772,R2 replays/final_h4_p16-repair/metrics.json plus original W&B,96,102,0,7147504,7081711,d256-L8-h4-context128-temporal128x2-exec4,512,16384,8388608,46.047,9.43914549998226,9.650807899976144,D2 H4 main result,eval-only p16 repair; unchanged final checkpoint
factorization_matrix_eval,D2-H6-selected,037,experiments/037_factorization_matrix.py,50q39o9j,https://wandb.ai/ericyuegu/hal/runs/50q39o9j,D2-train,H6 selected p16 repair,val/primary_nll,1.181880705906221,change_f1=0.2068410366773605;exact=0.5992729067802429;dense6=0.3959731459617615,-0.3836558142312868,7.120480496745962,R2 replays/final_h6_p16-repair/metrics.json plus original W&B,96,103,0,7147504,7081711,d256-L8-h4-context128-temporal128x2-exec6,512,16384,8388608,46.047,12.666367500003162,13.700415000101884,D2 H6,eval-only p16 repair; unchanged final checkpoint
factorization_matrix_eval,D3-H1-built-in,037,experiments/037_factorization_matrix.py,5wfk2esf,https://wandb.ai/ericyuegu/hal/runs/5wfk2esf,D3-train,H1 built-in p32 runtime failure,val/primary_nll,1.182139075818879,,,,R2 replays/final_h1/metrics.json; no gameplay,0_complete_of_96_scheduled,0,96,7147504,7081711,d256-L8-h4-context128-temporal128x2-exec1,512,16384,8388608,46.047,,,runtime failure; not architecture evidence,max_parallel32 > cpus16; zero decode calls
factorization_matrix_eval,D3-H2-built-in,037,experiments/037_factorization_matrix.py,5wfk2esf,https://wandb.ai/ericyuegu/hal/runs/5wfk2esf,D3-train,H2 built-in p32 runtime failure,val/primary_nll,1.182139075818879,,,,R2 replays/final_h2/metrics.json; no gameplay,0_complete_of_96_scheduled,0,96,7147504,7081711,d256-L8-h4-context128-temporal128x2-exec2,512,16384,8388608,46.047,,,runtime failure; not architecture evidence,max_parallel32 > cpus16; zero decode calls
factorization_matrix_eval,D3-H4-built-in,037,experiments/037_factorization_matrix.py,5wfk2esf,https://wandb.ai/ericyuegu/hal/runs/5wfk2esf,D3-train,H4 built-in p32 runtime failure,val/primary_nll,1.182139075818879,,,,R2 replays/final_h4/metrics.json; no gameplay,0_complete_of_96_scheduled,0,96,7147504,7081711,d256-L8-h4-context128-temporal128x2-exec4,512,16384,8388608,46.047,,,runtime failure; not architecture evidence,max_parallel32 > cpus16; zero decode calls
factorization_matrix_eval,D3-H6-built-in,037,experiments/037_factorization_matrix.py,5wfk2esf,https://wandb.ai/ericyuegu/hal/runs/5wfk2esf,D3-train,H6 built-in p32 runtime failure,val/primary_nll,1.182139075818879,,,,R2 replays/final_h6/metrics.json; no gameplay,0_complete_of_96_scheduled,0,96,7147504,7081711,d256-L8-h4-context128-temporal128x2-exec6,512,16384,8388608,46.047,,,runtime failure; not architecture evidence,max_parallel32 > cpus16; zero decode calls
factorization_matrix_eval,D3-H1-selected,037,experiments/037_factorization_matrix.py,5wfk2esf,https://wandb.ai/ericyuegu/hal/runs/5wfk2esf,D3-train,H1 selected p16 repair,val/primary_nll,1.182139075818879,change_f1=0.21256038546562195;exact=0.5988534688949585;dense1=0.7953020334243774,-0.0740338952931697,28.102373444127338,R2 replays/final_h1_p16-repair/metrics.json plus original W&B,96,99,0,7147504,7081711,d256-L8-h4-context128-temporal128x2-exec1,512,16384,8388608,46.047,5.361675499955254,5.561862800016115,D3 H1,eval-only p16 repair; unchanged final checkpoint
factorization_matrix_eval,D3-H2-selected,037,experiments/037_factorization_matrix.py,5wfk2esf,https://wandb.ai/ericyuegu/hal/runs/5wfk2esf,D3-train,H2 selected p16 repair,val/primary_nll,1.182139075818879,change_f1=0.21256038546562195;exact=0.5988534688949585;dense2=0.6602349281311035,-0.14282532902033102,22.492935174693866,R2 replays/final_h2_p16-repair/metrics.json plus original W&B,96,105,0,7147504,7081711,d256-L8-h4-context128-temporal128x2-exec2,512,16384,8388608,46.047,6.939389000024221,7.445268899994062,D3 H2,eval-only p16 repair; unchanged final checkpoint
factorization_matrix_eval,D3-H4-selected,037,experiments/037_factorization_matrix.py,5wfk2esf,https://wandb.ai/ericyuegu/hal/runs/5wfk2esf,D3-train,H4 selected p16 repair,val/primary_nll,1.182139075818879,change_f1=0.21256038546562195;exact=0.5988534688949585;dense4=0.4991610646247864,-0.25044704145058305,15.656844308306653,R2 replays/final_h4_p16-repair/metrics.json plus original W&B,96,106,0,7147504,7081711,d256-L8-h4-context128-temporal128x2-exec4,512,16384,8388608,46.047,10.339831000010236,10.53102050001371,D3 H4 main result,eval-only p16 repair; unchanged final checkpoint
factorization_matrix_eval,D3-H6-selected,037,experiments/037_factorization_matrix.py,5wfk2esf,https://wandb.ai/ericyuegu/hal/runs/5wfk2esf,D3-train,H6 selected p16 repair,val/primary_nll,1.182139075818879,change_f1=0.21256038546562195;exact=0.5988534688949585;dense6=0.3976510167121887,-0.16442588931146487,17.781052494531238,R2 replays/final_h6_p16-repair/metrics.json plus original W&B,96,100,0,7147504,7081711,d256-L8-h4-context128-temporal128x2-exec6,512,16384,8388608,46.047,13.416244000040933,14.252924099974962,D3 H6,eval-only p16 repair; unchanged final checkpoint
