Change	Before	After
M	.dockerignore	.dockerignore
M	.github/workflows/ci.yml	.github/workflows/ci.yml
M	.pre-commit-config.yaml	.pre-commit-config.yaml
M	AGENTS.md	AGENTS.md
M	README.md	README.md
A	-	archive/README.md
R100	docs/blog_evidence_draft.html	archive/docs/blog_evidence_draft.html
R100	docs/blog_experiment_evidence.md	archive/docs/blog_experiment_evidence.md
R100	docs/blog_experiment_runs.csv	archive/docs/blog_experiment_runs.csv
R100	docs/experiments/013_multi_token.md	archive/docs/experiments/013_multi_token.md
R100	docs/experiments/026_closed_loop_profile.md	archive/docs/experiments/026_closed_loop_profile.md
R100	docs/experiments/034_rank_weighted_bc.md	archive/docs/experiments/034_rank_weighted_bc.md
R100	docs/experiments/036_advantage_weighted_bc.md	archive/docs/experiments/036_advantage_weighted_bc.md
R100	docs/experiments/037_factorization_matrix.md	archive/docs/experiments/037_factorization_matrix.md
R100	docs/experiments/038_sparse_endpoint_flow.md	archive/docs/experiments/038_sparse_endpoint_flow.md
R100	docs/experiments/040_architecture.svg	archive/docs/experiments/040_architecture.svg
R100	docs/experiments/043_legacy_codec.md	archive/docs/experiments/043_legacy_codec.md
R100	docs/experiments/044_fixed_prediction_delay.md	archive/docs/experiments/044_fixed_prediction_delay.md
R100	docs/experiments/045_player_identity.md	archive/docs/experiments/045_player_identity.md
R100	docs/experiments/046_ar_rtc.md	archive/docs/experiments/046_ar_rtc.md
R100	docs/experiments/047_legacy_capacity_scaling.md	archive/docs/experiments/047_legacy_capacity_scaling.md
R100	docs/experiments/048_iso_flop_scaling.md	archive/docs/experiments/048_iso_flop_scaling.md
R100	docs/experiments/049_player_identity_conditioning.md	archive/docs/experiments/049_player_identity_conditioning.md
R100	docs/experiments/054_bc_capacity_latency.md	archive/docs/experiments/054_bc_capacity_latency.md
R100	docs/experiments/056_conditioned_eval_handoff.md	archive/docs/experiments/056_conditioned_eval_handoff.md
R100	docs/experiments/artifacts/040_awr_constants.json	archive/docs/experiments/artifacts/040_awr_constants.json
R100	docs/experiments/artifacts/040_awr_constants.md	archive/docs/experiments/artifacts/040_awr_constants.md
R100	docs/experiments/data_pipeline.md	archive/docs/experiments/data_pipeline.md
R100	docs/experiments/e0_attention_ablation.md	archive/docs/experiments/e0_attention_ablation.md
R100	docs/experiments/e0_normalized_aux_bc.md	archive/docs/experiments/e0_normalized_aux_bc.md
R100	docs/experiments/e1_output_head_capacity.md	archive/docs/experiments/e1_output_head_capacity.md
R100	docs/experiments/e2_within_frame_factorization.md	archive/docs/experiments/e2_within_frame_factorization.md
R100	docs/experiments/e5_primary_awr.md	archive/docs/experiments/e5_primary_awr.md
R100	docs/experiments/p1_matched_attention.md	archive/docs/experiments/p1_matched_attention.md
R100	docs/experiments/p1_old_recompute_rescore.md	archive/docs/experiments/p1_old_recompute_rescore.md
R100	docs/experiments/p2_temporal_kv_ablation.md	archive/docs/experiments/p2_temporal_kv_ablation.md
R100	docs/experiments/sequence_status.md	archive/docs/experiments/sequence_status.md
R100	docs/policy_anatomy.html	archive/docs/policy_anatomy.html
R100	docs/policy_anatomy_assets/favicon.svg	archive/docs/policy_anatomy_assets/favicon.svg
R100	docs/policy_anatomy_assets/fonts/charter-license.txt	archive/docs/policy_anatomy_assets/fonts/charter-license.txt
R100	docs/policy_anatomy_assets/fonts/charter_bold.woff2	archive/docs/policy_anatomy_assets/fonts/charter_bold.woff2
R100	docs/policy_anatomy_assets/fonts/charter_bold_italic.woff2	archive/docs/policy_anatomy_assets/fonts/charter_bold_italic.woff2
R100	docs/policy_anatomy_assets/fonts/charter_italic.woff2	archive/docs/policy_anatomy_assets/fonts/charter_italic.woff2
R100	docs/policy_anatomy_assets/fonts/charter_regular.woff2	archive/docs/policy_anatomy_assets/fonts/charter_regular.woff2
R100	docs/policy_anatomy_assets/illustrations/GCController_Layout.svg	archive/docs/policy_anatomy_assets/illustrations/GCController_Layout.svg
R100	docs/policy_anatomy_draft.md	archive/docs/policy_anatomy_draft.md
R100	experiments/001_flow_matching_baseline.py	archive/experiments/001_flow_matching_baseline.py
R100	experiments/002_flow_matching_rtc.py	archive/experiments/002_flow_matching_rtc.py
R100	experiments/003_multi_position.py	archive/experiments/003_multi_position.py
R100	experiments/004_flow_matching_beta_t.py	archive/experiments/004_flow_matching_beta_t.py
R100	experiments/005_classification.py	archive/experiments/005_classification.py
R100	experiments/006_chord_ar.py	archive/experiments/006_chord_ar.py
R100	experiments/007_factorized_ar.py	archive/experiments/007_factorized_ar.py
R100	experiments/008_rle_events.py	archive/experiments/008_rle_events.py
R100	experiments/009_simplify_arch.py	archive/experiments/009_simplify_arch.py
R100	experiments/010_ar_groups.py	archive/experiments/010_ar_groups.py
R100	experiments/011_muon.py	archive/experiments/011_muon.py
R100	experiments/012_multi_token.py	archive/experiments/012_multi_token.py
R100	experiments/013_multi_token.py	archive/experiments/013_multi_token.py
R100	experiments/016_spatial_features.py	archive/experiments/016_spatial_features.py
R100	experiments/017_chunked_ar.py	archive/experiments/017_chunked_ar.py
R100	experiments/018_bpe_rle.py	archive/experiments/018_bpe_rle.py
R100	experiments/019_factored_frame.py	archive/experiments/019_factored_frame.py
R100	experiments/020_awr.py	archive/experiments/020_awr.py
R100	experiments/021_v6_features.py	archive/experiments/021_v6_features.py
R100	experiments/022_awr_rank.py	archive/experiments/022_awr_rank.py
R100	experiments/023_mtp_heads.py	archive/experiments/023_mtp_heads.py
R100	experiments/024_temporal_mtp.py	archive/experiments/024_temporal_mtp.py
R100	experiments/025_mtp_flow.py	archive/experiments/025_mtp_flow.py
R100	experiments/026_temporal_mtp.py	archive/experiments/026_temporal_mtp.py
R100	experiments/027_temporal_mtp.py	archive/experiments/027_temporal_mtp.py
R100	experiments/028_onehot_controller.py	archive/experiments/028_onehot_controller.py
R100	experiments/029_game_state_flow.py	archive/experiments/029_game_state_flow.py
R100	experiments/030_iql.py	archive/experiments/030_iql.py
R100	experiments/031_mc_critic_probe.py	archive/experiments/031_mc_critic_probe.py
R100	experiments/032_action_token_bc.py	archive/experiments/032_action_token_bc.py
R100	experiments/033_parallel_latent_trajectory.py	archive/experiments/033_parallel_latent_trajectory.py
R100	experiments/034_rank_weighted_bc.py	archive/experiments/034_rank_weighted_bc.py
R100	experiments/036_advantage_weighted_bc.py	archive/experiments/036_advantage_weighted_bc.py
R100	experiments/037_factorization_matrix.py	archive/experiments/037_factorization_matrix.py
R100	experiments/038_sparse_endpoint_flow.py	archive/experiments/038_sparse_endpoint_flow.py
R100	experiments/039_capacity_scaling.py	archive/experiments/039_capacity_scaling.py
R100	experiments/040_scaled_awr_bc.py	archive/experiments/040_scaled_awr_bc.py
R100	experiments/041_architectural_stability.py	archive/experiments/041_architectural_stability.py
R100	experiments/042_architecture_data_ablation.py	archive/experiments/042_architecture_data_ablation.py
R100	experiments/043_legacy_codec.py	archive/experiments/043_legacy_codec.py
R100	experiments/044_fixed_prediction_delay.py	archive/experiments/044_fixed_prediction_delay.py
R100	experiments/045_player_identity.py	archive/experiments/045_player_identity.py
R100	experiments/046_ar_rtc.py	archive/experiments/046_ar_rtc.py
R100	experiments/047_legacy_capacity_scaling.py	archive/experiments/047_legacy_capacity_scaling.py
R100	experiments/048_iso_flop_scaling.py	archive/experiments/048_iso_flop_scaling.py
R100	experiments/049_player_identity_conditioning.py	archive/experiments/049_player_identity_conditioning.py
R100	experiments/050_scaled_temporal_awr.py	archive/experiments/050_scaled_temporal_awr.py
R100	experiments/051_muon_parameterization.py	archive/experiments/051_muon_parameterization.py
R100	experiments/052_adamw_temporal_awr.py	archive/experiments/052_adamw_temporal_awr.py
R100	experiments/053_polar_controller.py	archive/experiments/053_polar_controller.py
R100	experiments/054_bc_capacity_latency.py	archive/experiments/054_bc_capacity_latency.py
R100	experiments/055_history_cross_attention.py	archive/experiments/055_history_cross_attention.py
R100	experiments/056_decoder_capacity_reallocation.py	archive/experiments/056_decoder_capacity_reallocation.py
R100	experiments/057_scaled_endpoint_flow.py	archive/experiments/057_scaled_endpoint_flow.py
R100	experiments/058_return_conditioning.py	archive/experiments/058_return_conditioning.py
R100	experiments/o51/evaluation-16l-initialization-extension.json	archive/experiments/o51/evaluation-16l-initialization-extension.json
R100	experiments/o51/preflight-base-b512-w16-p64.json	archive/experiments/o51/preflight-base-b512-w16-p64.json
R100	experiments/o51/preflight-base-map.json	archive/experiments/o51/preflight-base-map.json
R100	experiments/o51/preflight-proxy-b512-w16-p64.json	archive/experiments/o51/preflight-proxy-b512-w16-p64.json
R100	experiments/o51/preflight-proxy-b512-w16-p64.md	archive/experiments/o51/preflight-proxy-b512-w16-p64.md
R100	experiments/o51/preflight-proxy-map.json	archive/experiments/o51/preflight-proxy-map.json
R100	experiments/o51/preregistration-16l.md	archive/experiments/o51/preregistration-16l.md
R100	experiments/o51/ranking-16l-lr.json	archive/experiments/o51/ranking-16l-lr.json
R100	experiments/o51/selection-16l-initialization-extension.json	archive/experiments/o51/selection-16l-initialization-extension.json
R100	experiments/o51/selection-16l-lr.json	archive/experiments/o51/selection-16l-lr.json
R100	experiments/o51/treatment-16l-initialization-extension.json	archive/experiments/o51/treatment-16l-initialization-extension.json
R100	experiments/o51/treatment-16l-lr.json	archive/experiments/o51/treatment-16l-lr.json
R100	experiments/o51/treatment-16l-preregistered.json	archive/experiments/o51/treatment-16l-preregistered.json
R100	experiments/o51/treatment-h0p5-mup-normal.json	archive/experiments/o51/treatment-h0p5-mup-normal.json
R100	experiments/o51/treatment-h0p5-zero.json	archive/experiments/o51/treatment-h0p5-zero.json
R100	experiments/o52/preregistration.md	archive/experiments/o52/preregistration.md
R100	experiments/o53/preregistration.md	archive/experiments/o53/preregistration.md
R100	experiments/o55/preregistration.md	archive/experiments/o55/preregistration.md
R100	experiments/o56/preregistration.md	archive/experiments/o56/preregistration.md
R100	experiments/o58/control-selection-metrics.json	archive/experiments/o58/control-selection-metrics.json
R100	experiments/o58/control-selection-rows.json	archive/experiments/o58/control-selection-rows.json
R100	experiments/o58/control-verification.json	archive/experiments/o58/control-verification.json
R100	experiments/o58/preregistration.md	archive/experiments/o58/preregistration.md
R100	notebooks/action_space_audit.py	archive/notebooks/action_space_audit.py
R100	notebooks/awr_explorer.py	archive/notebooks/awr_explorer.py
R100	notebooks/backfill_net_lcb.py	archive/notebooks/backfill_net_lcb.py
R100	notebooks/bench_dataloader.py	archive/notebooks/bench_dataloader.py
R100	notebooks/bench_precision.py	archive/notebooks/bench_precision.py
R100	notebooks/bench_seq_len.py	archive/notebooks/bench_seq_len.py
R100	notebooks/bench_windows_per_replay.py	archive/notebooks/bench_windows_per_replay.py
R100	notebooks/eval_stress.py	archive/notebooks/eval_stress.py
R100	notebooks/feature_audit.py	archive/notebooks/feature_audit.py
R100	notebooks/filter_explore.py	archive/notebooks/filter_explore.py
R100	notebooks/iql_bellman_explorer.py	archive/notebooks/iql_bellman_explorer.py
R100	notebooks/o50_action_likelihoods.py	archive/notebooks/o50_action_likelihoods.py
R100	notebooks/profile_eval_parallelism.py	archive/notebooks/profile_eval_parallelism.py
R100	notebooks/relog_005_sampled_eval.py	archive/notebooks/relog_005_sampled_eval.py
R100	notebooks/replay_multishine.py	archive/notebooks/replay_multishine.py
R100	notebooks/self_nll.py	archive/notebooks/self_nll.py
R100	notebooks/streaming_startup.py	archive/notebooks/streaming_startup.py
R100	notebooks/tokenizer_audit.py	archive/notebooks/tokenizer_audit.py
R100	scripts/analyze_039_capacity.py	archive/scripts/analyze_039_capacity.py
R100	scripts/audit_037_results.py	archive/scripts/audit_037_results.py
A	-	archive/scripts/capture_cached_timeline_control.py
A	-	archive/scripts/capture_official_chunks_control.py
R100	scripts/evaluate_026_sweep.py	archive/scripts/evaluate_026_sweep.py
R100	scripts/evaluate_037_final.py	archive/scripts/evaluate_037_final.py
R100	scripts/evaluate_041_delay1.py	archive/scripts/evaluate_041_delay1.py
R100	docker/probe_sm120.py	archive/scripts/probe_sm120.py
R100	hal/scripts/scaleup_professional.py	archive/scripts/scaleup_professional.py
R100	hal/scripts/scaleup_ranked.py	archive/scripts/scaleup_ranked.py
M	deploy/netplay/.env.example	deploy/netplay/.env.example
M	deploy/netplay/Dockerfile	deploy/netplay/Dockerfile
M	deploy/netplay/README.md	deploy/netplay/README.md
A	-	deploy/netplay/compose-ada.yaml
M	deploy/netplay/compose.yaml	deploy/netplay/compose.yaml
M	deploy/netplay/run-host.sh	deploy/netplay/run-host.sh
M	docker/on-start.sh	docker/on-start.sh
D	docs/inference-runtime.md	-
A	-	docs/inference.md
M	docs/netplay-realtime.md	docs/netplay-realtime.md
D	docs/policy_api.md	-
A	-	docs/refactor-059-files.json
A	-	docs/refactor-059.md
R067	experiments/059_muon_history_decoder.py	experiments/059_muon_action_sequence.py
M	hal/controller.py	hal/controller.py
M	hal/data/archive.py	hal/data/archive.py
M	hal/data/behavior.py	hal/data/behavior.py
M	hal/data/conversions.py	hal/data/conversions.py
M	hal/data/extract.py	hal/data/extract.py
M	hal/data/feature_stats.py	hal/data/feature_stats.py
M	hal/data/index.py	hal/data/index.py
A	-	hal/data/index_builder.py
A	-	hal/data/mds_materialization.py
A	-	hal/data/mds_publication.py
R075	hal/training/player_identity.py	hal/data/player_identity.py
M	hal/data/policy_schema.py	hal/data/policy_schema.py
M	hal/data/policy_world_schema.py	hal/data/policy_world_schema.py
R099	hal/scripts/rematerialize_policy_world_v8.py	hal/data/policy_world_v8.py
A	-	hal/data/professional_replays.py
A	-	hal/data/replay_selection.py
M	hal/data/replay_stats.py	hal/data/replay_stats.py
M	hal/data/schema.py	hal/data/schema.py
A	-	hal/data/slippi.py
M	hal/data/streaming_compat.py	hal/data/streaming_compat.py
M	hal/eval/action_trace.py	hal/eval/action_trace.py
M	hal/eval/cross_stage.py	hal/eval/cross_stage.py
M	hal/eval/h2h.py	hal/eval/h2h.py
M	hal/eval/harness.py	hal/eval/harness.py
D	hal/eval/local.py	-
M	hal/eval/matchups.py	hal/eval/matchups.py
M	hal/eval/netplay.py	hal/eval/netplay.py
M	hal/eval/observations.py	hal/eval/observations.py
M	hal/eval/paired.py	hal/eval/paired.py
M	hal/eval/policy.py	hal/eval/policy.py
D	hal/eval/policy_sampling.py	-
M	hal/eval/qualification.py	hal/eval/qualification.py
M	hal/eval/results.py	hal/eval/results.py
M	hal/eval/scheduling.py	hal/eval/scheduling.py
D	hal/eval/self_play.py	-
D	hal/eval/slippilab.py	-
M	hal/fixtures.py	hal/fixtures.py
A	-	hal/inference/action_sequence_artifact.py
A	-	hal/inference/action_sequence_policy.py
M	hal/inference/api.py	hal/inference/api.py
D	hal/inference/backends/__init__.py	-
D	hal/inference/backends/history_decoder/__init__.py	-
D	hal/inference/backends/history_decoder/gpu_history.py	-
D	hal/inference/backends/history_decoder/kv_cache.py	-
D	hal/inference/backends/history_decoder/policy.py	-
D	hal/inference/backends/temporal_awr/__init__.py	-
D	hal/inference/backends/temporal_awr/model.py	-
D	hal/inference/backends/temporal_awr/policy.py	-
M	hal/inference/benchmark.py	hal/inference/benchmark.py
M	hal/inference/bundle.py	hal/inference/bundle.py
M	hal/inference/checkpoints.py	hal/inference/checkpoints.py
A	-	hal/inference/client.py
M	hal/inference/cuda_graph.py	hal/inference/cuda_graph.py
A	-	hal/inference/engine.py
A	-	hal/inference/gpu_observations.py
A	-	hal/inference/kv_cache.py
D	hal/inference/loader.py	-
R070	hal/training/context_history.py	hal/inference/observation_history.py
A	-	hal/inference/sampling.py
D	hal/inference/transport.py	-
M	hal/inference/warmup.py	hal/inference/warmup.py
A	-	hal/inference/window_policy.py
D	hal/inference/worker.py	-
A	-	hal/models/__init__.py
R072	hal/inference/backends/history_decoder/model.py	hal/models/action_sequence.py
R061	hal/training/trunk.py	hal/models/attention.py
A	-	hal/models/controller_codec.py
A	-	hal/models/sampling.py
M	hal/netplay_service/api.py	hal/netplay_service/api.py
M	hal/netplay_service/health.py	hal/netplay_service/health.py
M	hal/netplay_service/queue.py	hal/netplay_service/queue.py
M	hal/netplay_service/replays.py	hal/netplay_service/replays.py
M	hal/netplay_service/runner.py	hal/netplay_service/runner.py
A	-	hal/representation/__init__.py
A	-	hal/representation/features.py
R067	hal/training/canonical.py	hal/representation/observations.py
A	-	hal/representation/player_identity.py
D	hal/scripts/audit_policy_mds.py	-
M	hal/scripts/build_index.py	hal/scripts/build_index.py
M	hal/scripts/build_player_identity_sidecar.py	hal/scripts/build_player_identity_sidecar.py
D	hal/scripts/build_rank_sidecar.py	-
M	hal/scripts/filter.py	hal/scripts/filter.py
M	hal/scripts/h2h.py	hal/scripts/h2h.py
M	hal/scripts/materialize.py	hal/scripts/materialize.py
M	hal/scripts/policy.py	hal/scripts/policy.py
M	hal/scripts/prepare_professional.py	hal/scripts/prepare_professional.py
D	hal/scripts/project_policy_mds.py	-
D	hal/scripts/project_policy_world_mds.py	-
M	hal/scripts/publish_mds.py	hal/scripts/publish_mds.py
M	hal/scripts/roundtrip.py	hal/scripts/roundtrip.py
M	hal/scripts/slippi_jwt.py	hal/scripts/slippi_jwt.py
M	hal/scripts/slp_link.py	hal/scripts/slp_link.py
D	hal/scripts/subset_mds.py	-
D	hal/scripts/upgrade_mds.py	-
D	hal/scripts/value_meter.py	-
M	hal/sim/__init__.py	hal/sim/__init__.py
M	hal/sim/diff.py	hal/sim/diff.py
M	hal/sim/inputs.py	hal/sim/inputs.py
M	hal/sim/ipc.py	hal/sim/ipc.py
M	hal/sim/netplay.py	hal/sim/netplay.py
M	hal/sim/process_vec.py	hal/sim/process_vec.py
M	hal/sim/rollout.py	hal/sim/rollout.py
M	hal/sim/session.py	hal/sim/session.py
M	hal/sim/sources.py	hal/sim/sources.py
D	hal/sim/vec.py	-
M	hal/sim/worker.py	hal/sim/worker.py
M	hal/streams.py	hal/streams.py
A	-	hal/training/batches.py
A	-	hal/training/buffered_mds_replay_loader.py
M	hal/training/checkpoints.py	hal/training/checkpoints.py
D	hal/training/closed_loop.py	-
D	hal/training/controller_codec.py	-
D	hal/training/dataloader.py	-
D	hal/training/ego_stats.py	-
D	hal/training/features.py	-
M	hal/training/muon.py	hal/training/muon.py
M	hal/training/physical_shard_loader.py	hal/training/physical_shard_loader.py
D	hal/training/rank_metadata.py	-
D	hal/training/replay_reservoir.py	-
A	-	hal/training/replay_windows.py
M	hal/training/returns.py	hal/training/returns.py
M	hal/training/runs.py	hal/training/runs.py
D	hal/training/scoring.py	-
M	hal/training/system_metrics.py	hal/training/system_metrics.py
A	-	hal/training/validation_replay_loader.py
M	hal/wire.py	hal/wire.py
M	notebooks/alignment_probe.py	notebooks/alignment_probe.py
M	notebooks/discretization_roundtrip.py	notebooks/discretization_roundtrip.py
M	notebooks/eval_forensics.py	notebooks/eval_forensics.py
M	pyproject.toml	pyproject.toml
R095	experiments/benchmark_closed_loop.py	scripts/benchmark_closed_loop.py
R055	experiments/benchmark_kv_cache.py	scripts/benchmark_kv_cache.py
R080	experiments/benchmark_kv_netplay.py	scripts/benchmark_kv_netplay.py
A	-	scripts/benchmark_replay_loader.py
M	scripts/cache_modal_fixtures.py	scripts/cache_modal_fixtures.py
R054	experiments/eval_kv_cache.py	scripts/eval_kv_cache.py
M	scripts/launch_gce.py	scripts/launch_gce.py
M	scripts/launch_modal.py	scripts/launch_modal.py
M	scripts/launch_vast.py	scripts/launch_vast.py
A	-	scripts/qualify_netplay_059.py
M	scripts/rematerialize_policy_world_v8_modal.py	scripts/rematerialize_policy_world_v8_modal.py
M	scripts/replay_policy_fault.py	scripts/replay_policy_fault.py
D	scripts/setup.sh	-
D	tests/experiments/test_002_flow_matching_rtc.py	-
D	tests/experiments/test_003_multi_position.py	-
D	tests/experiments/test_005_classification.py	-
D	tests/experiments/test_006_chord_ar.py	-
D	tests/experiments/test_007_factorized_ar.py	-
D	tests/experiments/test_012_interventions.py	-
D	tests/experiments/test_013_validity.py	-
D	tests/experiments/test_016_spatial_features.py	-
D	tests/experiments/test_019_factored_frame.py	-
D	tests/experiments/test_020_awr.py	-
D	tests/experiments/test_021_v6_features.py	-
D	tests/experiments/test_022_awr_rank.py	-
D	tests/experiments/test_023_mtp_heads.py	-
D	tests/experiments/test_024_025_action_chunking.py	-
D	tests/experiments/test_026_temporal_mtp.py	-
D	tests/experiments/test_027_action_chunk_iql.py	-
D	tests/experiments/test_028_onehot_controller.py	-
D	tests/experiments/test_029_game_state_flow.py	-
D	tests/experiments/test_030_iql.py	-
D	tests/experiments/test_031_mc_critic_probe.py	-
D	tests/experiments/test_032_action_token_bc.py	-
D	tests/experiments/test_033_parallel_latent_trajectory.py	-
D	tests/experiments/test_034_rank_weighted_bc.py	-
D	tests/experiments/test_036_advantage_weighted_bc.py	-
D	tests/experiments/test_037_factorization_matrix.py	-
D	tests/experiments/test_038_sparse_endpoint_flow.py	-
D	tests/experiments/test_039_capacity_scaling.py	-
D	tests/experiments/test_040_scaled_awr_bc.py	-
D	tests/experiments/test_041_architectural_stability.py	-
D	tests/experiments/test_042_architecture_data_ablation.py	-
D	tests/experiments/test_043_legacy_codec.py	-
D	tests/experiments/test_044_fixed_prediction_delay.py	-
D	tests/experiments/test_045_player_identity.py	-
D	tests/experiments/test_046_ar_rtc.py	-
D	tests/experiments/test_047_legacy_capacity_scaling.py	-
D	tests/experiments/test_048_iso_flop_scaling.py	-
D	tests/experiments/test_049_player_identity_conditioning.py	-
D	tests/experiments/test_050_scaled_temporal_awr.py	-
D	tests/experiments/test_052_adamw_temporal_awr.py	-
D	tests/experiments/test_053_polar_controller.py	-
D	tests/experiments/test_054_bc_capacity_latency.py	-
D	tests/experiments/test_055_history_cross_attention.py	-
D	tests/experiments/test_056_decoder_capacity_reallocation.py	-
D	tests/experiments/test_057_scaled_endpoint_flow.py	-
D	tests/experiments/test_058_return_conditioning.py	-
R079	tests/experiments/test_059_muon_history_decoder.py	tests/experiments/test_059_muon_action_sequence.py
D	tests/experiments/test_decode.py	-
D	tests/experiments/test_likelihood_retrofit.py	-
D	tests/fixtures/o51_v5_characterization.json	-
D	tests/fixtures/o51_v5_characterize.py	-
A	-	tests/fixtures/o59/acceptance_e_coverage.md
A	-	tests/fixtures/o59/artifacts.json
A	-	tests/fixtures/o59/audit_published_v8.py
A	-	tests/fixtures/o59/cached_batch_proxy_parity.md
A	-	tests/fixtures/o59/cached_timeline_control.json
A	-	tests/fixtures/o59/capture_model_proxy.py
A	-	tests/fixtures/o59/capture_netplay_ready.py
A	-	tests/fixtures/o59/capture_resume_update.py
A	-	tests/fixtures/o59/checkpoint_config.json
A	-	tests/fixtures/o59/compare_resume_updates.py
A	-	tests/fixtures/o59/conditioning_protocol.json
A	-	tests/fixtures/o59/cuda_functional_3060.md
A	-	tests/fixtures/o59/data_validation.json
A	-	tests/fixtures/o59/dev_mds_fixture.json
A	-	tests/fixtures/o59/fd_trace.py
A	-	tests/fixtures/o59/final_direct_cached_3060.md
A	-	tests/fixtures/o59/idle_runner_faults.py
A	-	tests/fixtures/o59/loader_performance.md
A	-	tests/fixtures/o59/loader_resume_fingerprint.py
A	-	tests/fixtures/o59/make_loader_control_benchmark.py
A	-	tests/fixtures/o59/measure_training_updates.py
A	-	tests/fixtures/o59/modal_qualification.json
A	-	tests/fixtures/o59/model_proxy_parity.json
A	-	tests/fixtures/o59/model_proxy_parity.md
A	-	tests/fixtures/o59/netplay_ready_3060.md
A	-	tests/fixtures/o59/prepare_publication_fixture.py
A	-	tests/fixtures/o59/process_batching_3060.md
A	-	tests/fixtures/o59/production_bf16_kl.md
A	-	tests/fixtures/o59/production_kl_capture.py
A	-	tests/fixtures/o59/production_kl_compare.py
A	-	tests/fixtures/o59/publication_fixture.json
A	-	tests/fixtures/o59/record_publication_fixture.py
A	-	tests/fixtures/o59/run_loader_pairs.py
A	-	tests/fixtures/o59/run_published_v8_audits.py
A	-	tests/fixtures/o59/runtime_evidence.md
A	-	tests/fixtures/o59/stats_digest.py
A	-	tests/fixtures/o59/validation_cohort.json
A	-	tests/fixtures/o59/validation_cohort_parity.py
D	tests/test_051_muon_parameterization.py	-
A	-	tests/test_action_scheduling.py
A	-	tests/test_action_sequence_artifact.py
A	-	tests/test_action_sequence_attention.py
A	-	tests/test_action_sequence_checkpoint.py
R073	tests/test_o59_chunks.py	tests/test_action_sequence_chunks.py
A	-	tests/test_action_sequence_kv_batch.py
R079	tests/test_kv_reference.py	tests/test_action_sequence_kv_reference.py
A	-	tests/test_action_sequence_model.py
A	-	tests/test_action_sequence_policy_batch.py
R084	tests/test_o59_prefill.py	tests/test_action_sequence_prefill.py
A	-	tests/test_action_sequence_timing.py
M	tests/test_action_trace.py	tests/test_action_trace.py
D	tests/test_analyze_039_capacity.py	-
M	tests/test_archive_streaming.py	tests/test_archive_streaming.py
R085	tests/test_physical_shard_loader.py	tests/test_buffered_mds_replay_loader.py
A	-	tests/test_cached_timeline_parity.py
M	tests/test_checkpoints.py	tests/test_checkpoints.py
D	tests/test_closed_loop_rings.py	-
M	tests/test_controller_codec.py	tests/test_controller_codec.py
M	tests/test_cross_stage.py	tests/test_cross_stage.py
A	-	tests/test_cuda_graph_preparation.py
D	tests/test_dataloader.py	-
M	tests/test_eval_harness.py	tests/test_eval_harness.py
A	-	tests/test_eval_kv_cache.py
M	tests/test_extract.py	tests/test_extract.py
M	tests/test_feature_stats.py	tests/test_feature_stats.py
A	-	tests/test_gpu_observations.py
M	tests/test_h2h.py	tests/test_h2h.py
M	tests/test_h2h_script.py	tests/test_h2h_script.py
A	-	tests/test_idle_runner_faults_hardware.py
A	-	tests/test_inference_benchmark.py
A	-	tests/test_inference_client.py
A	-	tests/test_inference_engine.py
D	tests/test_inference_loader.py	-
A	-	tests/test_inference_sampling.py
M	tests/test_inputs.py	tests/test_inputs.py
D	tests/test_iql_bellman_explorer.py	-
D	tests/test_kv_cache.py	-
M	tests/test_kv_eval.py	tests/test_kv_eval.py
M	tests/test_launch_modal.py	tests/test_launch_modal.py
A	-	tests/test_loader_measurements.py
D	tests/test_local_play.py	-
A	-	tests/test_model_sampling.py
M	tests/test_muon.py	tests/test_muon.py
M	tests/test_netplay_calibration.py	tests/test_netplay_calibration.py
M	tests/test_netplay_deploy.py	tests/test_netplay_deploy.py
M	tests/test_netplay_driver.py	tests/test_netplay_driver.py
M	tests/test_netplay_hardware.py	tests/test_netplay_hardware.py
M	tests/test_netplay_integration.py	tests/test_netplay_integration.py
M	tests/test_netplay_policy_integration.py	tests/test_netplay_policy_integration.py
M	tests/test_netplay_queue.py	tests/test_netplay_queue.py
M	tests/test_netplay_realtime.py	tests/test_netplay_realtime.py
M	tests/test_netplay_runner.py	tests/test_netplay_runner.py
M	tests/test_netplay_session.py	tests/test_netplay_session.py
D	tests/test_o50_parity.py	-
D	tests/test_o50_policy.py	-
D	tests/test_o51_characterization.py	-
D	tests/test_o51_data.py	-
D	tests/test_o51_sweep.py	-
D	tests/test_o59_gpu_history.py	-
D	tests/test_o59_timing.py	-
A	-	tests/test_observation_history.py
M	tests/test_package_boundaries.py	tests/test_package_boundaries.py
M	tests/test_play_observations.py	tests/test_play_observations.py
M	tests/test_player_identity.py	tests/test_player_identity.py
M	tests/test_policy_adapter.py	tests/test_policy_adapter.py
M	tests/test_policy_api.py	tests/test_policy_api.py
M	tests/test_policy_cli.py	tests/test_policy_cli.py
A	-	tests/test_policy_fault_replay.py
D	tests/test_policy_sampling.py	-
M	tests/test_policy_schema.py	tests/test_policy_schema.py
M	tests/test_policy_world_schema.py	tests/test_policy_world_schema.py
M	tests/test_prepare_professional.py	tests/test_prepare_professional.py
M	tests/test_process_vec.py	tests/test_process_vec.py
M	tests/test_process_worker.py	tests/test_process_worker.py
D	tests/test_project_policy_mds.py	-
A	-	tests/test_qualify_netplay_059.py
M	tests/test_rematerialize_policy_world_v8.py	tests/test_rematerialize_policy_world_v8.py
D	tests/test_replay_reservoir.py	-
A	-	tests/test_replay_selection.py
A	-	tests/test_replay_windows.py
A	-	tests/test_resume_capture_tools.py
M	tests/test_returns.py	tests/test_returns.py
M	tests/test_roundtrip.py	tests/test_roundtrip.py
A	-	tests/test_run_identity.py
D	tests/test_scoring.py	-
D	tests/test_self_play.py	-
M	tests/test_session.py	tests/test_session.py
M	tests/test_sim_ipc.py	tests/test_sim_ipc.py
A	-	tests/test_streaming_compat.py
M	tests/test_streams.py	tests/test_streams.py
D	tests/test_subset_mds.py	-
M	tests/test_trajectory.py	tests/test_trajectory.py
D	tests/test_trunk.py	-
D	tests/test_upgrade_mds.py	-
A	-	tests/test_validation_replay_loader.py
D	tests/test_value_meter.py	-
D	tests/test_vec.py	-
A	-	tests/test_window_policy_preparation.py
M	tests/test_wire_bridges.py	tests/test_wire_bridges.py
M	uv.lock	uv.lock
M	web/netplay/package-lock.json	web/netplay/package-lock.json
M	web/netplay/package.json	web/netplay/package.json
